Feature,Importance
cat__City_Tamale,25412.296367840103
cat__City_Stanford,23338.674735960816
cat__City_Rivera,22679.61591859858
cat__City_Sylhet,21578.565385632566
cat__City_Tashkent,21322.667905066683
cat__City_Bukhara,20911.42279176814
cat__City_Massachusetts,20484.15805369689
num__Duration_Years,20423.131491906177
cat__City_Kumasi,20232.341661565573
cat__City_Rostov-on-Don,20229.143618237125
cat__City_Volos,19321.407054031886
cat__City_Kyiv,19312.96870892925
cat__City_La Plata,18582.953796846705
cat__City_Mansoura,18143.05145888115
cat__City_Sidon,17900.409566870807
cat__City_Yekaterinburg,17243.568297339923
cat__City_Montevideo,17000.57159195685
cat__City_Xanthi,16862.375396898507
cat__City_Ioannina,16842.193999277915
cat__City_Santa Tecla,16710.61730457571
cat__City_Santa Ana,16625.235254896146
cat__City_Trujillo,16206.297218220985
cat__City_Oujda,15993.736472804105
cat__City_Kragujevac,15792.277067696452
cat__City_Porto Alegre,15729.902751756503
cat__City_Eskisehir,15618.469424384226
cat__University_University of Macedonia,15435.514275807536
cat__City_Szeged,15219.699842590788
cat__City_Surabaya,15153.892789440864
cat__City_Kecskemet,15051.563463461656
cat__City_Rio de Janeiro,15026.61006310621
cat__City_Songkhla,14928.107963264125
cat__City_Zadar,14844.954005293224
cat__City_Larnaca,14821.042639789215
cat__City_Craiova,14811.482908544991
cat__City_Florianopolis,14759.668116769566
cat__City_Guayaquil,14390.857157352952
cat__City_Semarang,14090.165231572
cat__City_Brasov,13969.745842035933
cat__City_Cali,13929.22150298628
cat__City_Ruse,13795.475675960677
cat__City_Zagreb,13650.80910447434
cat__City_Chiclayo,13564.8710575233
cat__City_Konya,13250.04571737416
cat__City_Arequipa,13110.604347537675
cat__City_Marrakech,12987.499650039777
cat__City_Constantine,12700.273595192162
cat__City_Cairo,12671.53348226106
cat__City_Medina,12618.566291851339
cat__City_Mexico City,12399.621919297839
cat__City_Casablanca,12234.363732346783
cat__City_David,12109.997519571956
cat__City_New Haven,12087.398079329172
cat__City_Timisoara,12037.334499512337
cat__City_Bandung,12012.29102407444
cat__City_Tijuana,11958.708248634828
cat__City_Bangkok,11950.75717249571
cat__Country_Vietnam,11947.599699343587
cat__City_Novi Sad,11931.370070516636
cat__City_Monastir,11797.138661854831
cat__City_Guadalajara,11768.897720393425
cat__City_San Pedro,11721.292640766293
cat__City_Buenos Aires,11714.153448069568
cat__City_Ambato,11678.58124481449
cat__City_Chennai,11554.23057580754
cat__City_Queretaro,11504.900985648128
cat__City_Patras,11473.2492933754
cat__City_Chiang Mai,11312.420958782055
cat__City_Aveiro,11161.314294936697
cat__City_Giza,11130.781778932072
cat__City_Tabuk,10926.71630513425
cat__City_Baltimore,10753.280270238014
cat__City_Princeton,10607.521829851186
cat__University_ETH Basel,10275.512910043752
cat__City_Bucaramanga,10241.09091743691
cat__City_Ljubljana,10178.48164752936
cat__City_New York,10153.947020382064
cat__City_Johor Bahru,10068.018296273585
cat__City_Mumbai,9947.736252289407
cat__City_Aswan,9785.705883092382
cat__City_Kanazawa,9758.516273653142
cat__City_Ås,9719.661733780875
cat__Program_Psychology,9715.113896305344
cat__University_University of Salford,9627.736299600265
cat__City_San Francisco,9527.382741908154
cat__Program_Business,9414.444770483291
cat__City_Mashhad,9269.565416053767
cat__City_Shenzhen,9181.803788283369
cat__City_Alexandria,9105.638655284325
cat__City_Manama,9026.344260103402
cat__Program_Robotics Engineering,8996.99120769437
cat__City_Fukuoka,8988.73231287447
cat__City_Cordoba,8974.400487709732
cat__City_Kanpur,8967.289452418181
cat__City_Leoben,8853.445316890315
cat__City_Port Said,8837.667895440376
cat__University_University of Sydney,8823.655476208225
cat__City_Khon Kaen,8808.78712660327
cat__Program_Biotechnology,8799.443901424978
cat__City_Gabes,8655.323216474757
cat__City_Los Angeles,8590.782585409908
cat__City_Denpasar,8588.880690760356
cat__City_Cusco,8561.356963775004
cat__City_Santo Domingo,8472.850214984399
cat__University_KAIST,8458.785474178661
cat__City_Hyderabad,8412.86807313515
cat__Level_Master,8335.861746250024
cat__City_San Diego,8269.15421434787
cat__City_Malang,8241.738499401372
cat__City_Antalya,8212.319001885335
cat__City_La Romana,8150.028748963844
cat__Program_Electrical Engineering,8097.992044701834
cat__City_Al Jahra,8092.343859000193
cat__Country_Switzerland,8077.7734676123655
cat__City_Fez,8003.395290400237
cat__Country_Ghana,7915.302128359797
cat__City_Cluj-Napoca,7827.632607103403
cat__City_Ajman,7780.500747694491
cat__City_Phuket,7777.416759752869
cat__City_Tangier,7748.424800618888
cat__City_Oran,7695.93307932508
cat__City_Fujairah,7621.724014977291
cat__Program_Finance,7585.4483863176165
cat__City_Ithaca,7565.435723296659
cat__City_Tunis,7545.136014763631
cat__City_Ann Arbor,7485.58580801084
cat__City_Constanta,7355.638607273234
cat__University_PUCMM,7315.074136449462
cat__Country_China,7307.545788365085
cat__City_Kayseri,7098.1422347338985
cat__City_Puerto Plata,7096.913831493841
cat__City_Atlanta,7084.880025894584
cat__City_Lima,7047.701489130513
cat__City_Makkah,7029.805554436317
cat__City_Subotica,7004.875921223467
cat__City_Taipei,7003.282920933896
cat__City_Odense,6993.81711463614
cat__City_Rosario,6984.6821724185365
cat__City_Sakhir,6935.9577885309645
cat__Country_Hong Kong,6881.515851950508
cat__City_Heriot-Watt,6780.199103295639
cat__City_Zurich,6739.453832727906
cat__University_University of Texas Austin,6659.086823108283
cat__Country_Ukraine,6514.846485396696
cat__University_Universidad de Valencia,6442.067211442024
cat__City_Bogota,6418.496875256682
cat__City_Maribor,6380.499794915373
cat__University_University of Cambridge,6351.658333868378
cat__City_Quito,6339.20339618883
cat__City_Bangalore,6323.43480812968
cat__City_Cardiff,6264.448882832829
cat__City_Bursa,6249.715155850349
cat__City_Santiago,6244.98967165577
cat__City_Boston,6233.967314503686
cat__City_Oulu,6198.796296533145
cat__Country_Dominican Republic,6080.280444395061
cat__City_Nagoya,6068.7654866855755
cat__City_Shah Alam,6064.471447134373
cat__Country_Bangladesh,6042.817306042303
cat__City_La Chorrera,6038.550209631099
cat__University_Universitat de València,5996.2882854557665
cat__City_Piura,5965.389624138862
cat__City_Prince George,5939.735585314348
cat__City_Lucerne,5905.439721767178
cat__Program_Chemical Engineering,5881.893663523052
cat__Country_Russia,5848.941928814654
cat__City_Minneapolis,5838.702056404984
cat__City_Bangi,5834.251682580836
cat__City_Al Ain,5822.53311670948
cat__City_Sudbury,5710.091367354118
cat__City_Strathclyde,5688.612404288209
cat__Country_Uzbekistan,5626.188371192085
cat__City_Puebla,5580.234170041037
cat__City_Leuven,5480.9642647160035
cat__Program_Cybersecurity,5467.438352209757
cat__City_Vancouver,5466.850465383496
cat__City_Dundee,5404.721405341493
cat__City_Warwick,5397.580321091126
cat__Country_Uruguay,5396.99578367504
cat__Country_Lebanon,5383.095860513268
cat__City_Merida,5358.129990978518
cat__City_Antwerp,5331.668007532618
cat__City_Shanghai,5325.044494062022
cat__City_Monterrey,5279.085125787522
cat__City_Cartagena,5232.308236068722
cat__University_Anglia Ruskin University,5151.853909405603
cat__City_Cuenca,5090.503231163731
cat__City_Nashville,5005.092860921975
cat__City_Varna,4905.016290322157
cat__City_Nova Gorica,4881.899719819042
cat__Country_Cyprus,4877.310471600371
cat__City_Seville,4725.428788783461
cat__City_Kuala Lumpur,4686.125140283251
cat__City_Lodz,4678.64369751119
cat__City_Kolding,4660.484626932763
cat__City_Rabat,4645.434800669907
cat__City_Lund,4589.601755763881
cat__City_Aberdeen,4498.900211656251
cat__Country_Spain,4245.630989610926
cat__Program_Mechatronics,4215.048860717379
cat__University_Sorbonne University,4204.84261332376
cat__City_Iasi,4201.582053720878
cat__City_Ankara,4181.0486543368115
cat__City_Liege,4174.179572566143
cat__City_Jakarta,4103.704382553233
cat__City_Salvador,4024.2602690621097
cat__University_Cairo University,4006.96527295551
cat__Program_Forestry Sciences,4000.6489526755877
cat__City_Limerick,3967.1567995083356
cat__City_Ras Al Khaimah,3921.4972534606663
cat__City_Regina,3877.79773847377
cat__City_Wroclaw,3839.226449881786
cat__City_Belgrade,3826.4161874583624
cat__University_University of Eastern Finland,3825.1961129959
cat__University_University of Barcelona,3814.6701885036077
cat__City_Lyngby,3809.9375335738937
cat__Country_India,3799.301775630319
cat__City_Philadelphia,3795.333351088543
cat__University_University College London,3786.337751225635
cat__University_Universitat de Barcelona,3776.1732327214586
cat__City_Berkeley,3735.4975583333808
cat__City_San Miguel,3716.0549548439376
cat__City_Florence,3710.131947012316
cat__University_Harvard University,3666.7558468581897
cat__City_Paris,3645.870604228633
cat__City_Frankfurt,3561.654914999894
cat__University_University of the Aegean,3560.3852119225294
cat__Country_Hungary,3537.833317740208
cat__City_Madison,3524.904787607628
cat__City_Panama City,3514.093594991331
cat__City_Winnipeg,3447.726430024873
cat__Country_UK,3402.5210590241954
cat__City_Kobe,3388.73192753343
cat__City_Bologna,3349.4524031967876
cat__City_Heraklion,3344.0881560896905
cat__City_Windsor,3306.6464886355716
cat__Country_Brazil,3298.0396879774853
cat__University_NTU Singapore,3281.5873076158073
cat__City_Miskolc,3271.404994330953
cat__University_École Normale Supérieure Lyon,3267.2075419992007
cat__City_Cambridge,3245.725164636975
cat__City_Vila Real,3243.252368744269
cat__City_Thunder Bay,3238.3562318040526
cat__Program_Digital Systems & AI,3214.3074734102506
cat__Country_Australia,3185.542803765215
cat__City_Fribourg,3142.9312761497404
cat__University_Imperial College London,3132.118162026092
cat__City_Jyväskylä,3099.6687133289247
cat__Program_Mathematics,3065.9810950704527
cat__City_Winterthur,3024.8795130354606
cat__City_Lausanne,3017.585520490847
cat__City_Istanbul,2989.728636040136
cat__City_Namangan,2980.3289655110925
cat__Program_Environmental Science,2973.5814329524173
cat__University_UWE Bristol,2970.678115869548
cat__City_Chicago,2954.4209989298083
cat__Program_International Relations,2945.27487484271
cat__Program_Data Science & AI,2942.2889547480927
cat__City_Geneva,2935.609058176512
cat__City_Rajshahi,2935.4524734792153
cat__City_Innsbruck,2920.4701058902633
cat__City_Ho,2902.9256767291977
cat__Program_Software Development,2902.4327822267073
cat__City_Birmingham,2901.5330347004583
cat__City_Sharjah,2885.077009078231
cat__City_Granada,2872.5158029564195
cat__City_Samarkand,2856.1051620055755
cat__City_Gyor,2793.2569202266695
cat__University_Athens University of Economics,2787.278105403236
cat__Country_Iran,2723.779063258379
cat__City_Maynooth,2692.5424483081597
cat__Program_Machine Learning,2636.9744823368874
cat__City_Maldonado,2601.7269663433135
cat__Country_Taiwan,2593.4970443441375
cat__City_Riffa,2583.07968166099
cat__City_Stockholm,2562.1103493954092
cat__City_Karlstad,2552.48874315223
cat__City_Chania,2551.777660629789
cat__Program_Business Analytics,2548.4731514110135
cat__City_Novosibirsk,2510.924989840815
cat__City_Christchurch,2503.7580992686626
cat__University_University of the Basque Country,2490.1590546159755
cat__City_Dammam,2467.753146948992
cat__University_University of Granada,2451.9061435693197
cat__City_Copenhagen,2414.1626123833175
cat__City_Reykjavik,2377.3379256689736
cat__City_Quebec City,2370.33370398164
cat__Program_Information Security,2333.7727361764987
cat__City_Stuttgart,2333.261565899788
cat__University_University of Ljubljana,2292.430501311552
cat__University_University of Denver,2287.0828142860573
cat__University_Aristotle University,2286.127330266265
cat__University_University of Limerick,2275.830925211435
cat__City_Seattle,2270.8391293516315
cat__University_University of Liege,2268.1542609896746
cat__Program_Data Science,2264.26750803673
cat__University_University of Craiova,2262.050316222375
cat__University_Monash University,2258.635267743883
cat__City_Braga,2255.903344412841
cat__City_Southampton,2255.122474688142
cat__University_University of Kragujevac,2254.0572247752298
cat__University_University of Dundee,2239.972662062784
cat__University_University of Groningen,2229.8801238839355
cat__University_University of Aveiro,2227.557887116884
cat__University_University of Ioannina,2220.533869637273
cat__University_University of Constantine,2220.428383291788
cat__University_University of Newcastle,2219.6721675710032
cat__University_Lincoln University,2214.1913948349847
cat__University_University of Buenos Aires,2203.984245267827
cat__University_University of Antwerp,2199.463132405324
cat__Country_Italy,2199.2508696706104
cat__University_University of Bologna,2193.0559935117276
cat__University_University of Copenhagen,2184.8836353095603
cat__City_Joensuu,2162.221761657872
cat__City_Braunschweig,2152.6346117578955
cat__University_University of Aberdeen,2149.8256359910065
cat__Level_PhD,2147.838597292202
cat__University_Universidad Tecnica,2126.4043738948144
cat__University_UT Austin,2113.8184344969404
cat__Program_Computer Science & Design,2108.5171487565776
cat__City_Urbana,2107.2046711873463
cat__University_Universidad San Agustin,2103.5370100199716
cat__City_Edinburgh,2092.351240917616
cat__City_Recife,2081.805058227608
cat__Country_Croatia,2075.129476666602
cat__Country_Norway,2073.732050581035
cat__University_University of Chicago,2068.7711348500234
cat__City_Nice,2058.37508984556
cat__University_University of Amsterdam,2033.657604718945
cat__University_Universidad del Valle,2029.278265759333
cat__University_UIS,2020.561804603919
cat__City_Lille,2018.5559083736964
cat__City_Saskatoon,2018.083667551807
cat__Country_Iceland,2007.812174222343
cat__City_Seoul,2007.7594432040887
cat__City_Sofia,2007.506657865877
cat__University_UC Davis,1998.4536846965418
cat__University_Transilvania University,1996.3744253524142
cat__University_King's College London,1980.6670693673443
cat__City_Urbana-Champaign,1972.7946663447985
cat__Program_Information Systems,1961.5252978102696
cat__University_Universidad de Guadalajara,1951.8878149649825
cat__City_Muharraq,1945.6875545573778
cat__University_Universidad San Martin,1937.6052239136725
cat__University_UFSC,1937.5421046724848
cat__University_Institut Teknologi Bandung,1935.3003649081788
cat__University_Indian Institute of Science,1927.908066164059
cat__University_UTM,1926.9277757931643
cat__University_Universidad Central Este,1926.750363186052
cat__City_Bristol,1922.4161698807848
cat__City_Piraeus,1912.0006701940201
cat__University_University of Monastir,1907.0307902397544
cat__Program_Mechanical Engineering,1883.0873697211937
cat__University_SUTD,1866.503618473101
cat__City_San Salvador,1856.429359968378
cat__University_University of Hamburg,1844.5312828556898
cat__City_Tromsø,1837.1323520945393
cat__City_Daejeon,1830.6486018861517
cat__University_National University of La Plata,1817.8540223536224
cat__Country_Kuwait,1816.127802239283
cat__City_Galway,1814.8640377532697
cat__University_University of Bahrain,1812.4352448169143
cat__University_École Normale Supérieure,1812.013544427635
cat__University_Chulalongkorn University,1809.3445118302825
cat__University_Montanuniversität Leoben,1809.0227969403836
cat__Country_South Korea,1807.763943199931
cat__University_Selcuk University,1795.061269791633
cat__City_Horten,1793.987426224806
cat__University_University of Novi Sad,1785.9485048967338
cat__University_Gulf University for Science,1778.0486798012319
cat__City_Neuchatel,1774.740352862699
cat__University_Kyushu University,1773.8219162120986
cat__University_University of Oulu,1766.3525254495005
cat__University_ISAE University,1760.70386192451
cat__University_John von Neumann University,1753.958309360977
cat__University_Kwame Nkrumah University,1750.9958926209936
cat__City_Tlemcen,1746.3727484831481
cat__University_Bukhara State University,1736.1262382828352
cat__University_Kanazawa University,1726.683531989503
cat__University_University of Basel,1722.2878428719764
cat__University_Akdeniz University,1713.8540275773028
cat__University_Umm Al-Qura University,1708.0480442492099
cat__University_Hassan II University,1689.2732387175697
cat__University_Igor Sikorsky Kyiv Polytechnic,1688.5561132390637
cat__City_Beijing,1684.5941429078423
cat__University_IIT Kanpur,1684.382819535476
cat__University_Fujairah University,1674.1347490593296
cat__University_SMU,1673.971801779959
cat__City_Beirut,1666.6970659684887
cat__University_Ajman University,1665.8742089896296
cat__City_Klagenfurt,1662.403764561949
cat__University_IIT Hyderabad,1659.4944732024771
cat__University_University of Regina,1657.1063961391405
cat__University_University of Patras,1654.1371885876222
cat__University_Faculty of Logistics,1653.7329038107084
cat__City_Brisbane,1635.1276030396425
cat__University_ESPOL,1634.9051355442432
cat__University_Pusan National University,1634.155769931871
cat__University_University of Ruse,1623.4849291473354
cat__University_HCMUT,1622.4635526004727
cat__University_Chiang Mai University,1618.3522436915525
cat__City_Split,1612.1152764635287
cat__University_University of Pennsylvania,1609.2828685377267
cat__University_TU Delft,1605.0301971268734
cat__Program_Engineering Management,1599.0117380305321
cat__University_Northeastern University,1593.8965052936114
cat__University_Bogazici University,1587.1335927740001
cat__University_Anadolu University,1584.7959967137967
cat__Country_France,1582.2435730127709
cat__University_Ain Shams University,1580.4743358024189
cat__City_Budapest,1578.9282470748024
cat__University_Lund University,1575.4253381789017
cat__City_Al Ahmadi,1575.335323387855
cat__University_Universidad de la Republica,1567.9585470798572
cat__University_American University Cyprus,1558.9827571920514
cat__City_Mons,1545.27574774848
cat__Country_Japan,1541.935436941144
cat__University_Mansoura University,1539.0121849854274
cat__City_Moscow,1538.2345604177358
cat__Country_Bulgaria,1523.0021227158406
cat__Program_Information Science,1515.0288496575477
cat__University_UNAM,1505.5352352724706
cat__City_Funchal,1499.2437640158325
cat__City_Dhaka,1475.652853904532
cat__City_Vienna,1472.6838115175588
cat__Program_Electronics Engineering,1466.8651360348397
cat__University_Islamic University,1464.8014098423198
cat__City_Lappeenranta,1463.101044753998
cat__City_Grenoble,1447.8392786874597
cat__City_Växjö,1426.595422361774
cat__Country_Portugal,1423.3543224274256
cat__City_Glasgow,1418.4924002271375
cat__University_Ferdowsi University,1401.6021387509666
cat__University_Cadi Ayyad University,1391.4210204719052
cat__City_Boulder,1377.1273697977056
cat__Program_Computing & Innovation,1354.4543140125236
cat__City_Nottingham,1349.2003110675075
cat__City_Sheffield,1335.5656719679241
cat__University_University of Edinburgh,1334.4134655089981
cat__City_Turin,1330.3433157102966
cat__University_University of St. Gallen,1329.08937664223
cat__City_Sunshine Coast,1325.259105689412
cat__City_Warsaw,1316.5508462355951
cat__University_University of Strathclyde,1312.7342580046288
cat__City_Wollongong,1305.169707737586
cat__University_Nagoya University,1302.9666709357489
cat__University_American University in Dubai,1302.6303857816174
cat__City_Jounieh,1302.2037135493592
cat__City_Gwangju,1301.6396896960025
cat__Program_Computational Science,1289.5786313254184
cat__University_McGill University,1289.2609238588711
cat__City_Al-Ahsa,1278.674592172957
cat__University_University of Oslo,1274.8329200027515
cat__City_Dnipro,1258.6399050820887
cat__City_Padua,1230.6595816919291
cat__University_UNBC,1229.2169383809678
cat__University_UTESA,1217.9166894690577
cat__City_Kyoto,1216.2203783703474
cat__University_Mohammed I University,1213.9362156139148
cat__Program_Marine Technology,1213.575590536013
cat__Program_Technology & Innovation,1211.1437616581038
cat__University_UFRGS,1205.4832252430197
cat__Country_New Zealand,1204.3124880704079
cat__University_UTEC,1185.8447262334319
cat__City_Maastricht,1177.7740076245611
cat__University_TU Hamburg,1174.832616900731
cat__City_Edmonton,1156.0342290709225
cat__University_Tecnologico de Monterrey,1148.5610884944585
cat__City_Daegu,1138.8015511450444
cat__Program_Design,1138.368305139083
cat__City_Veszprem,1138.1720911475147
cat__City_Oslo,1129.8609300361409
cat__City_Gold Coast,1109.452981611005
cat__University_Southern Federal University,1108.3651012502664
cat__University_PUC-Rio,1099.3362162137512
cat__Program_Data Engineering,1084.9824346366702
cat__Program_Marine Biology,1084.136519376907
cat__University_University of Tabuk,1073.2111649153253
cat__University_University of Szeged,1069.3799290723844
cat__City_Bilbao,1055.3038110774362
cat__Country_El Salvador,1026.5532652504476
cat__Country_Luxembourg,1014.5952049749736
cat__City_Abu Dhabi,996.7174227491143
cat__City_Pittsburgh,986.3862481907033
cat__City_Leeds,980.2440900162158
cat__Country_Saudi Arabia,976.9736191779173
cat__Country_Germany,968.246985978194
cat__Country_Turkey,964.5221296959129
cat__City_Tempe,956.6431035719174
cat__City_Rijeka,947.6626523802064
cat__Country_Denmark,938.7877115651111
cat__Program_Electronics,938.6607115095301
cat__City_Celje,921.2234110793321
cat__City_Paysandu,920.8339043321422
cat__City_Faro,920.4269282571498
cat__University_TU Munich,917.2298640345019
cat__City_Campinas,913.2125813069044
cat__University_Lebanese International,910.5128847845664
cat__City_Hannover,903.3673277009942
cat__City_Montpellier,902.8139689177985
cat__University_Thaksin University,897.2484670192827
cat__University_University of Windsor,893.3755850293835
cat__University_University of Zagreb,890.9591103819158
cat__University_Ural Federal University,886.4384270601349
cat__University_University of Zadar,882.6354734893088
cat__City_Davis,881.490680855991
cat__University_University of Warsaw,876.9646377478089
cat__University_University of Thessaly,870.2903160848267
cat__Program_Chemistry,864.9775547107224
cat__University_ITCA-FEPADE,856.2751141595551
cat__University_INTEC,853.3897072367209
cat__University_Columbia University,851.4483843402728
cat__University_USM,844.8757977068468
cat__University_Arabian Gulf University,835.0458042646045
cat__City_Portland,831.3020057701212
cat__City_Sherbrooke,826.4035701858032
cat__City_Penang,822.3525549498072
cat__City_Tomsk,809.6905755722933
cat__Program_Data Analytics,804.786597704718
cat__City_Moncton,798.4086702499338
cat__University_Diponegoro University,789.75445669804
cat__City_Lismore,783.4989980440633
cat__City_Delft,769.2639747181696
cat__Country_Austria,760.3151599147167
cat__University_University of Queensland,714.1257453976559
cat__University_SIT,710.6769899921846
cat__City_Utrecht,710.1938242498645
cat__University_Laurentian University,704.7659449649641
cat__University_University for Development,695.0496324187994
cat__City_Denver,692.0931506760357
cat__University_American University of Sharjah,684.9923447039517
cat__Country_Belgium,677.0238183443397
cat__City_Dresden,665.4203986691649
cat__University_Institut Teknologi Sepuluh,663.3949600683507
cat__City_Victoria,660.0888915629093
cat__Program_Software Engineering,640.938030155128
cat__University_Duke University,631.6214639321065
cat__City_Salto,616.9399530903338
cat__City_Riyadh,605.5842201487292
cat__City_Nijmegen,603.7889383248404
cat__City_Ballarat,584.9409925822329
cat__University_Durham University,582.9843808990919
cat__University_Universidad Nacional de Trujillo,581.9805215699955
cat__University_Nanyang Technological University,577.0594916199478
cat__University_UiT Arctic University,573.5362823917233
cat__Program_Bioinformatics,555.592123504151
cat__University_Politehnica University,551.7967870032528
cat__University_SUST,549.4077006968691
cat__University_University of Helsinki,539.090505969024
cat__Country_Greece,535.4717437551253
cat__University_Szechenyi Istvan University,532.006288996848
cat__University_Dong-A University,529.7890727346373
cat__University_University of Dubai,521.3572498903192
cat__University_National Taiwan University,509.42829870104345
cat__University_University of Florence,500.57721005300493
cat__University_Moscow State University,490.8678976830074
cat__City_Wageningen,489.6396640524019
cat__Country_Panama,475.38036984671953
cat__City_Jena,457.1655624453718
cat__Program_Engineering,456.3304732359037
cat__Country_Thailand,451.92946526027686
cat__Program_Pharmaceutical Sciences,446.79980191209944
cat__University_LMU Munich,446.7045445386398
cat__City_Toowoomba,445.0070295346834
cat__University_Yonsei University,444.3523963688572
cat__City_Dublin,444.2718212765741
cat__City_Sydney,442.7322201957213
cat__University_Western University,441.87817256640375
cat__Country_Netherlands,437.4932912997085
cat__Program_Game Technology,431.93165636753724
cat__University_NC State University,424.0549700973144
cat__University_Heriot-Watt University,422.200007297223
cat__Country_Sweden,417.5733990860426
cat__City_Freiburg,415.3901557744382
cat__Program_Artificial Intelligence,414.7129363762851
cat__City_Aarhus,404.67654885802904
cat__University_INHA University Tashkent,382.963899279989
cat__Program_Software Science,380.3955887675524
cat__University_University of Bern,372.85915512608193
cat__City_Corvallis,372.3731424428868
cat__University_University of Adelaide,350.8974790694894
cat__City_Hobart,350.11585365715575
cat__City_Taif,348.8564007863056
cat__University_University of Manchester,345.2555931897397
cat__City_Toulouse,339.2007802510438
cat__City_Cape Coast,337.09880471640827
cat__City_Marseille,334.99378108150364
cat__University_CETYS Universidad,331.94138619729137
cat__Program_Systems Engineering,328.4925713706511
cat__Program_Computing Science,320.8889059750835
cat__City_Koper,317.92569503307374
cat__University_McMaster University,317.8397412876405
cat__City_London,315.6686777670095
cat__City_Groningen,314.4609063536206
cat__Program_Information Technology,304.9895567596116
cat__University_KTH Royal Institute,298.1444203152057
cat__Program_Electronic Engineering,296.74016309005066
cat__Program_Industrial Management,293.186835770586
cat__City_College Station,285.7345772316803
cat__City_Waterford,280.6049997158878
cat__City_Naples,272.68600472117737
cat__University_VU Amsterdam,263.99870857623165
cat__University_University of Tlemcen,248.67748043300858
cat__University_RWTH Aachen,236.1190001835486
cat__University_National University of Singapore,233.55569258982882
cat__University_USC,228.381950208203
cat__University_Carnegie Mellon,223.2280143192285
cat__City_Wellington,212.6621471673668
cat__Program_Aerospace Engineering,210.82271701683183
cat__University_Tsinghua University,206.03295457669984
cat__Program_Architecture,200.96256322474474
cat__City_Halifax,199.36253807531014
cat__University_Singapore Management University,195.67981623570384
cat__City_Ho Chi Minh City,191.14362749281318
cat__University_Democritus University,180.24808829142793
cat__Program_Computer Science,175.07693707686786
cat__City_Helsinki,171.16645298981499
cat__City_Townsville,165.32234408969052
cat__City_Adelaide,160.12870528186886
cat__Program_Computing,154.35215585896736
cat__University_University of New Brunswick,151.87276288616988
cat__Program_Digital Engineering,150.80520167451337
cat__City_Montreal,147.100401444448
cat__Program_Physics,144.3283647901445
cat__University_Korea University,144.17610219835962
cat__University_Sichuan University,137.57002792449097
cat__Program_Digital Systems,135.45547792098736
cat__City_Kuwait City,135.11755928621824
cat__City_Ulster,134.53821708392155
cat__University_University of Silesia,127.54991531979539
cat__University_Sapienza University,123.44257825469488
cat__City_Berlin,122.84296223300022
cat__City_Nicosia,116.79206722399375
cat__University_University of Colorado,115.87192577771391
cat__City_Hafnarfjordur,114.52892644555224
cat__University_Goethe University,114.08444975605411
cat__University_University of Manitoba,112.67889265798178
cat__City_Samara,111.55738891917396
cat__City_Hamilton,106.1532030188705
cat__City_Espoo,99.1469077460901
cat__University_ETH Zurich,95.8671203922266
cat__University_Vanderbilt University,94.91548658884106
cat__Country_USA,91.73847057453833
cat__University_University of Rijeka,89.64580622169878
cat__University_Yale University,89.34515340043274
cat__University_University of Sherbrooke,87.88057488846427
cat__University_Iceland University of Arts,87.59638850509803
cat__University_University of Saskatchewan,87.12152866874676
cat__City_Umeå,86.6818725028694
cat__University_University of Naples,85.16289629002658
cat__University_NUS,84.62699426313675
cat__University_Seoul National University,81.55392883929956
cat__University_University of Washington,81.29124639217241
cat__University_NUI Galway,81.00327627995382
cat__University_University of Oran,79.72772963719554
cat__City_Oxford,79.05637484262448
cat__University_University of Montpellier,78.73616849509321
cat__University_University of Padua,78.59143103265185
cat__University_University of Mons,77.85445426085698
cat__City_Melbourne,74.05870958711566
cat__University_Universidad ORT Uruguay,73.9390342680098
cat__University_University of Piraeus,73.23623660439785
cat__University_University of Miskolc,72.38095681583802
cat__University_University of Melbourne,72.35592230569856
cat__Program_Industrial Engineering,71.09410009750972
cat__University_University of Nova Gorica,69.70630695693359
cat__University_University of Minnesota,67.88091240216757
cat__University_UFBA,67.4188754700607
cat__University_Samara State University,66.16386891294685
cat__University_University of Wisconsin-Madison,66.02072139309433
cat__University_Universidad San Francisco,64.7119627150357
cat__University_Samarkand State University,64.27413162534681
cat__University_UC San Diego,63.05028305114345
cat__Program_Robotics & AI,62.82911607006743
cat__University_University of Victoria,61.248659572296575
cat__University_Wroclaw University of Technology,61.24510475634311
cat__University_University of Nottingham,60.48099741719099
cat__University_Oregon State University,60.45522004512348
cat__University_Universidad Don Bosco,60.28389045945276
cat__University_Waterford IT,59.251928809257684
cat__University_University of Sheffield,59.24792252934186
cat__University_University of Maribor,59.1473198345517
cat__University_Universidad de Oriente,59.00715538240303
cat__University_University of Malaya,58.45024693744875
cat__University_Universidad Tecnologica,58.10019828219956
cat__University_UFPE,56.48931921751445
cat__University_Abdelmalek Essaadi University,56.316205351742795
cat__University_University of Tunis,56.131438365134954
cat__City_Raleigh,55.3851395361179
num__Living_Cost_Index,55.12826390019015
cat__City_Coventry,55.090965546478415
cat__University_Universidad de Piura,55.06219602806707
cat__University_Tecnológico de Monterrey,55.03339118517599
cat__University_University of Pannonia,54.74639592082458
cat__University_UCNE,54.062570876834535
cat__University_University of Southern Queensland,53.73247786940287
cat__University_Southern Cross University,53.712042820353254
cat__University_University of Warwick,52.74289213003137
cat__University_Texas A&M University,52.49028644976758
cat__University_Utrecht University,50.97260193768436
cat__University_Royal University for Women,50.12710986066175
cat__City_Northumbria,50.052448971338976
cat__University_Universidad Metropolitana,49.906570518348005
cat__University_University of Southampton,49.80186406339613
cat__University_UDLAP,49.61956854322324
cat__University_Universidad de Paysandu,49.51552290595727
cat__City_Ottawa,49.32844509323472
cat__University_University of Split,49.167134350186664
cat__University_National University of Rosario,48.48941799602309
cat__Program_Computer Engineering,47.55361913229875
cat__University_Universidad Autonoma de Yucatan,46.743530936374256
cat__University_Karlstad University,46.65604013240635
cat__University_Federation University,46.347650289413025
cat__University_RAK University,44.82281152740365
cat__University_University of Lucerne,44.551464497102394
cat__Country_Malaysia,43.56964128951131
cat__City_Rome,43.17230885122747
cat__University_Namangan Institute,43.07640729676921
cat__University_RUET,42.9147161191456
cat__University_University of Illinois Urbana-Champaign,42.569831160394784
cat__University_Universidad de Sevilla,42.354039809191136
cat__University_IIT Bombay,42.16603048306794
cat__University_PUCP,42.1286901436919
cat__University_University of Klagenfurt,40.99528411917354
cat__City_Keele,40.8640882079957
cat__University_UiTM,40.47864989631158
cat__University_Mohammed V University,39.794960185335
cat__University_University of British Columbia,39.06521690761386
cat__University_Laval University,37.5564474651214
cat__University_Port Said University,37.270553160046866
cat__University_Princeton University,36.91166460363102
cat__University_Lodz University of Technology,36.89688968852445
cat__University_University of Subotica,36.174559556008454
cat__University_LUT University,35.572851695311684
cat__University_Novosibirsk State University,34.87427093728723
cat__University_University of Ottawa,34.83509365944853
cat__University_Applied Science University,34.215963474896
cat__University_University of Wollongong,34.07764162969893
num__Rent_USD,34.06396382827831
cat__City_Pisa,33.9244067424441
cat__University_Victoria University,33.78378654808597
cat__University_Prince of Songkla University,33.493599715871014
cat__University_EPFL,28.635099565031826
cat__Country_Ireland,28.301627767677218
cat__University_UTAD,28.139439321531036
cat__City_Aalborg,28.075570692986613
cat__University_Kyoto University,27.11594590320807
cat__University_University of South-Eastern Norway,26.70859617973779
cat__University_Wageningen University,26.500383326954527
cat__University_UIUC,25.817741147555036
cat__University_Radboud University,25.680408493388416
cat__University_UCLA,25.086599957306817
cat__City_Andijan,24.649977503468786
cat__University_University of Tasmania,24.613498700560154
cat__Program_Applied Mathematics,22.85033098175881
cat__University_University of Jyväskylä,22.826423728308324
cat__University_Tomsk State University,21.191665001269765
cat__University_University of Madeira,20.607100610839627
cat__University_University of Belgrade,20.210500584794428
cat__University_University of New South Wales,19.94549688321193
cat__University_University of Indonesia,19.882436321742272
cat__University_University of Cyprus,19.29271011817116
cat__University_University of Jena,19.229273909848168
cat__City_Athens,18.532447837625007
cat__University_Maastricht University,18.141140029999935
cat__University_Technical University Varna,17.71751134045737
cat__City_London ON,16.59449914882098
cat__University_University of Michigan,16.420465522148206
cat__University_Kuwait University,15.589022428162508
cat__University_Brawijaya University,14.510550108231023
cat__University_University of Crete,14.350676696129197
cat__University_SUSTech,14.329153065059861
cat__University_University of Innsbruck,14.10347769388042
cat__University_Kobe University,14.07835888561453
cat__City_Chengdu,14.027733501293525
cat__University_Sofia University,13.840654899490582
cat__University_University of Birmingham,13.492181479897967
cat__University_Norwegian University of Life Sciences,13.087102145929205
cat__University_University of Oxford,12.982345114820088
cat__University_Khon Kaen University,12.605581617944793
cat__University_University of Nice,12.336937773087262
cat__University_Politecnico di Torino,11.590458197768276
cat__University_Maynooth University,11.103855505526628
cat__University_Middle East Technical University,10.971772395795961
cat__University_University of Health Sciences,10.533914073802856
cat__University_UKM,10.107956772438287
cat__Program_Environmental Computing,9.857212789790859
cat__Country_Mexico,9.740359727342524
cat__University_UAE University,9.690795349817021
cat__University_King Faisal University,8.618043122880351
cat__University_Erciyes University,8.118321153889795
cat__University_Alexandria University,7.5969221672393585
cat__University_Universidad Nacional,7.307828857902354
cat__Program_Digital Design,6.74958362551118
cat__University_Coventry University,6.742333635104893
cat__University_Andijan State University,6.591901051308626
cat__University_University of Glasgow,6.000604439033183
cat__Program_Quantum Engineering,5.9046225114274336
cat__University_Aswan University,5.867591203253449
cat__University_Linnaeus University,5.780740388897259
cat__University_Taif University,5.601181171305295
cat__University_Khalifa University,5.43264846951521
cat__University_Holy Spirit University,5.423627742452806
cat__University_Portland State University,5.282682716689356
cat__University_University of Minho,5.193111635003742
cat__University_UC Berkeley,5.123799247335081
cat__University_Johns Hopkins,5.080089059556687
cat__Country_Slovenia,4.950760412981135
cat__University_Uludag University,4.793545164464511
cat__University_University of Cape Coast,4.513662579926784
cat__University_Georgia Tech,4.362329297928905
cat__University_American University of Beirut,4.313363625756365
cat__University_Universidad de Cartagena,4.228455547427124
cat__University_University of Geneva,4.193125126140963
cat__University_TU Braunschweig,4.169828225297182
cat__University_Aalborg University,4.16823856094449
cat__University_University of Gabes,4.052069676940959
cat__University_University of Algarve,3.936768698402801
cat__University_University of Al Quaraouiyine,3.913555664027505
cat__University_Universidad de Cuenca,3.8813501956984275
cat__University_Universidad San Antonio Abad,3.879195461575948
cat__University_University of Alberta,3.7369992569999204
cat__University_UNICAMP,3.685182606061943
cat__Country_Poland,3.634356030153515
num__Insurance_USD,3.6243889955057282
cat__University_University of Freiburg,3.605772280425165
cat__University_University of Fribourg,3.5864490929450805
cat__University_Technical University of Crete,3.5106834455602463
cat__University_Udayana University,3.4207379665564233
num__Visa_Fee_USD,3.1148102175013666
cat__University_Alexandru Ioan Cuza University,2.9793100994577832
cat__University_Umeå University,2.8164397660235934
cat__University_Ovidius University,2.7995358242568646
cat__University_Trinity College Dublin,2.720453538200038
cat__University_TU Dresden,2.6287762390520006
cat__University_National University of Cordoba,2.5389792124908066
cat__University_Leibniz University,2.5174557852978983
cat__University_Budapest University of Technology,2.471383550215392
cat__University_ZHAW,2.471127205078924
cat__University_IIT Madras,2.382286325773947
cat__University_University of Stuttgart,2.3769086556952446
cat__University_Cornell University,2.3398060467270407
cat__University_Lviv Polytechnic,2.288120369334581
cat__University_Griffith University,1.9301735889156875
cat__University_Grenoble INP,1.9216885316198933
cat__University_Cardiff University,1.850453725372211
cat__University_Imam Abdulrahman University,1.7839911072116539
cat__University_RMIT University,1.6817988891191227
cat__University_Dalhousie University,1.6272650182586914
cat__University_Babes-Bolyai University,1.5719668386500523
cat__City_Vaasa,1.174582729865455
cat__University_Dnipro Polytechnic,1.134916216288347
cat__University_Bangladesh University of Engineering,1.083106670478621
num__Tuition_USD,0.8769468866347035
cat__University_Lakehead University,0.7113963377014059
cat__University_Ulster University,0.5351703714361413
cat__City_Herning,0.44836838378699034
cat__City_Lviv,0.34298878039667813
cat__University_University of Technology Sydney,0.3293352766587343
cat__University_James Cook University,0.2027700520503818
cat__University_University of Vaasa,0.026996413978865434
cat__University_Arizona State University,0.007589273654516409
cat__University_University of Science and Technology,0.0
cat__University_University of Sousse,0.0
cat__University_University of Neuchatel,0.0
cat__Country_Canada,0.0
cat__University_University of Otago,0.0
cat__University_University of Primorska,0.0
cat__University_University of Pisa,0.0
cat__City_Durham,0.0
cat__City_Enschede,0.0
cat__City_Gainesville,0.0
cat__City_Ghent,0.0
cat__University_University of New England,0.0
cat__University_University of Pecs,0.0
cat__Country_Bahrain,0.0
cat__University_University of Reading,0.0
cat__University_University of Montreal,0.0
cat__University_University of Southern Denmark,0.0
cat__City_Dunedin,0.0
cat__City_Girne,0.0
cat__City_Dubrovnik,0.0
cat__University_University of Salamanca,0.0
cat__City_Dubai,0.0
cat__City_Essex,0.0
cat__University_University of Sao Paulo,0.0
cat__University_University of Plymouth,0.0
cat__Country_Romania,0.0
cat__City_Debrecen,0.0
cat__Program_Digital Business,0.0
cat__Program_Data Systems,0.0
cat__City_Armidale,0.0
cat__City_Aston,0.0
cat__City_Auckland,0.0
cat__City_Austin,0.0
cat__Country_Indonesia,0.0
cat__City_Barcelona,0.0
cat__Program_Computer Systems,0.0
cat__City_Basel,0.0
cat__Program_Quantum Computing,0.0
cat__City_Bath,0.0
cat__Program_Climate Science,0.0
cat__City_Belval,0.0
cat__City_Bern,0.0
cat__City_Bertrange,0.0
cat__City_Bizerte,0.0
cat__Program_Biomedical Sciences,0.0
cat__Program_Photonics,0.0
cat__Program_Digital Innovation,0.0
cat__University_University of Stavanger,0.0
cat__Program_Digital Media,0.0
cat__Country_Serbia,0.0
cat__Country_Singapore,0.0
cat__Country_Peru,0.0
cat__Country_South Africa,0.0
cat__Country_Morocco,0.0
cat__Country_Tunisia,0.0
cat__Country_UAE,0.0
cat__Program_Engineering Physics,0.0
cat__City_Accra,0.0
cat__Program_Energy Engineering,0.0
cat__Country_Israel,0.0
cat__City_Akureyri,0.0
cat__Program_Medicine,0.0
cat__City_Algiers,0.0
cat__Program_Economics,0.0
cat__Program_Petroleum Engineering,0.0
cat__City_Amsterdam,0.0
cat__City_Bodø,0.0
cat__City_Bordeaux,0.0
cat__Program_Robotics,0.0
cat__University_École Polytechnique,0.0
cat__University_University of Waterloo,0.0
cat__City_Chios,0.0
cat__University_University of Waikato,0.0
cat__University_University of Vienna,0.0
cat__Program_Software Systems,0.0
cat__University_University of Twente,0.0
cat__University_University of Turku,0.0
cat__Program_Sustainable Technology,0.0
cat__University_University of Toulouse,0.0
cat__University_University of Toronto,0.0
cat__City_Chitré,0.0
cat__Country_Colombia,0.0
cat__City_Cologne,0.0
cat__City_Cyberjaya,0.0
cat__University_University of Sussex,0.0
cat__City_Darmstadt,0.0
cat__University_University of Strasbourg,0.0
cat__Country_Czech Republic,0.0
cat__University_University of Western Australia,0.0
cat__City_Cape Town,0.0
cat__University_Vrije Universiteit Brussel,0.0
cat__City_Borgarnes,0.0
cat__City_Bremen,0.0
cat__University_Zhejiang University,0.0
cat__Country_Finland,0.0
cat__City_Brussels,0.0
cat__University_Yeungnam University,0.0
cat__City_Bucharest,0.0
cat__Program_Social Sciences,0.0
cat__City_Canberra,0.0
cat__Country_Egypt,0.0
cat__City_Busan,0.0
cat__University_Université de Lille,0.0
cat__City_Byblos,0.0
cat__City_Calgary,0.0
cat__Country_Ecuador,0.0
cat__University_University of Zaragoza,0.0
cat__University_Wuhan University,0.0
cat__University_Chonnam National University,0.0
cat__City_Gjøvik,0.0
cat__University_NTNU Gjøvik,0.0
cat__University_Newcastle University,0.0
cat__City_Strasbourg,0.0
cat__University_National Technical University,0.0
cat__City_Sussex,0.0
cat__City_Swansea,0.0
cat__University_Nanjing University,0.0
cat__City_Tampere,0.0
cat__City_Tel Aviv,0.0
cat__University_NTU,0.0
cat__University_NTNU,0.0
cat__City_Stavanger,0.0
cat__City_Thessaloniki,0.0
cat__University_Multimedia University,0.0
cat__City_Tilburg,0.0
cat__City_Toronto,0.0
cat__City_Trondheim,0.0
cat__University_Memorial University,0.0
cat__City_Turku,0.0
cat__City_Ulsan,0.0
cat__University_MIT,0.0
cat__University_Nord University,0.0
cat__University_Northumbria University,0.0
cat__University_Linköping University,0.0
cat__University_Queen's University,0.0
cat__City_Saint Petersburg,0.0
cat__University_Shanghai Jiao Tong University,0.0
cat__City_Salamanca,0.0
cat__City_Salmiya,0.0
cat__City_Sao Paulo,0.0
cat__City_Singapore,0.0
cat__University_Royal Holloway University,0.0
cat__University_Reykjavik University,0.0
cat__University_Queensland University of Technology,0.0
cat__University_Queen Mary University of London,0.0
cat__University_Oxford Brookes University,0.0
cat__University_Quality Leadership University,0.0
cat__City_Sonsonate,0.0
cat__University_Purdue University,0.0
cat__City_Sousse,0.0
cat__University_Politecnico di Milano,0.0
cat__University_Plovdiv University,0.0
cat__University_Peking University,0.0
cat__City_St. Gallen,0.0
cat__City_St. John's,0.0
cat__University_Luxembourg Institute of Science,0.0
cat__University_Leiden University,0.0
cat__City_Greenwich,0.0
cat__University_Girne American University,0.0
cat__University_INSA Toulouse,0.0
cat__University_American University Kuwait,0.0
cat__University_American University in Cairo,0.0
cat__University_Humboldt University,0.0
cat__University_Hasselt University,0.0
cat__University_Hanyang University,0.0
cat__University_Hanbat National University,0.0
cat__University_HKUST,0.0
cat__University_Aston University,0.0
cat__University_Ghent University,0.0
cat__University_ITMO University,0.0
cat__University_Australian College Kuwait,0.0
cat__University_Fudan University,0.0
cat__University_Australian National University,0.0
cat__University_European Business University,0.0
cat__University_Erasmus University,0.0
cat__University_Bifrost University,0.0
cat__University_Chamber of Commerce School,0.0
cat__University_Chungnam National University,0.0
cat__University_Charles University,0.0
cat__University_Aix-Marseille University,0.0
cat__University_Agricultural University,0.0
cat__University_Leeds Beckett University,0.0
cat__University_Keele University,0.0
cat__University_Lebanese American University,0.0
cat__City_Valencia,0.0
cat__University_Lancaster University,0.0
cat__City_Walferdange,0.0
cat__University_Kyungpook National University,0.0
cat__City_Waterloo,0.0
cat__University_Kingston University,0.0
cat__University_King Saud University,0.0
cat__University_Khulna University,0.0
cat__City_West Lafayette,0.0
cat__University_Aarhus University,0.0
cat__University_KU Leuven,0.0
cat__University_KIT,0.0
cat__City_Wuhan,0.0
cat__City_Zaragoza,0.0
cat__University_Johannes Kepler University,0.0
cat__University_Jagiellonian University,0.0
cat__University_AUT University,0.0
cat__University_Isfahan University of Technology,0.0
cat__University_Aalto University,0.0
cat__City_Royal Holloway,0.0
cat__University_Stanford University,0.0
cat__University_Sun Yat-sen University,0.0
cat__City_Kopavogur,0.0
cat__City_Kent,0.0
cat__University_University of Cologne,0.0
cat__City_Khulna,0.0
cat__University_University of Carthage,0.0
cat__University_University of Cape Town,0.0
cat__University_University of Canterbury,0.0
cat__University_University of Canberra,0.0
cat__City_Kingston,0.0
cat__University_University of Calgary,0.0
cat__University_University of Bristol,0.0
cat__University_University of Debrecen,0.0
cat__University_University of Bremen,0.0
cat__University_University of Bordeaux,0.0
cat__City_Krakow,0.0
cat__University_University of Bath,0.0
cat__City_Kuopio,0.0
cat__City_Lancaster,0.0
cat__City_Leiden,0.0
cat__University_University of Auckland,0.0
cat__City_Linköping,0.0
cat__City_Katowice,0.0
cat__City_Karlsruhe,0.0
cat__University_Swansea University,0.0
cat__University_University of Hull,0.0
cat__University_University of Lyon,0.0
cat__City_Guangzhou,0.0
cat__University_University of Liverpool,0.0
cat__University_University of Lisbon,0.0
cat__University_University of Lille,0.0
cat__University_University of Leeds,0.0
cat__City_Hamburg,0.0
cat__University_University of Kent,0.0
cat__University_University of Iceland,0.0
cat__City_Hangzhou,0.0
cat__City_Isfahan,0.0
cat__City_Hasselt,0.0
cat__City_Hawalli,0.0
cat__University_University of Greenwich,0.0
cat__University_University of Ghana,0.0
cat__University_University of Florida,0.0
cat__University_University of Essex,0.0
cat__City_Hong Kong,0.0
cat__City_Hull,0.0
cat__University_University of Dubrovnik,0.0
cat__City_Linz,0.0
cat__University_University of Akureyri,0.0
cat__City_Lisbon,0.0
cat__City_Queen Mary,0.0
cat__City_Oxford Brookes,0.0
cat__City_Pecs,0.0
cat__City_Perth,0.0
cat__City_Plovdiv,0.0
cat__University_UCLouvain,0.0
cat__City_Plymouth,0.0
cat__University_UC Berkeley Extension,0.0
cat__City_Prague,0.0
cat__University_Tilburg University,0.0
cat__University_Tel Aviv University,0.0
cat__City_Liverpool,0.0
cat__University_Technical University of Munich,0.0
cat__University_Technical University of Denmark,0.0
cat__University_Technical University Berlin,0.0
cat__University_Tampere University,0.0
cat__University_TU Wien,0.0
cat__City_Reading,0.0
cat__City_Rhodes,0.0
cat__University_TU Darmstadt,0.0
cat__City_Rotterdam,0.0
cat__University_USI,0.0
cat__University_USI Lugano,0.0
cat__University_USIM,0.0
cat__City_Nilai,0.0
cat__City_Loja,0.0
cat__University_University Politehnica,0.0
cat__University_Chosun University,0.0
cat__City_Louvain,0.0
cat__City_Lugano,0.0
cat__City_Lyon,0.0
cat__University_Universidad de Sonsonate,0.0
cat__City_Madrid,0.0
cat__University_Universidad de Granada,0.0
cat__City_Manchester,0.0
cat__City_Milan,0.0
cat__University_Universidad Politecnica,0.0
cat__University_Universidad Latina,0.0
cat__City_Munich,0.0
cat__University_Universidad Catolica,0.0
cat__City_Nanjing,0.0
cat__University_Ulsan National Institute of Science and Technology,0.0
cat__City_Newcastle,0.0
cat__University_UTPL,0.0
cat__Country_Argentina,0.0
